"id","productType","name.en-GB","name.en-US","name.de-DE","description.en-GB","description.en-US","description.de-DE","categories","slug.en-GB","slug.en-US","slug.de-DE","metaTitle.en-US","metaTitle.de-DE","metaDescription.en-US","metaDescription.de-DE","_hasStagedChanges","_published","tax","priceMode","createdAt","lastModifiedAt","variantId","sku","images","variant.availability","prices","size.en-GB","size.en-US","size.de-DE","sizelabel.en-GB","sizelabel.en-US","sizelabel.de-DE","productspec.en-GB","productspec.en-US","productspec.de-DE"
"e2ade13a-59f7-42a7-9914-325c14f0a160","Products with sizes","Indoor Jute Planter","Indoor Jute Planter","Indoor Jute Planter","An indoor jute planter for plants is a decorative and eco-friendly way to display greenery in your home. The planter is made from natural jute fibers, which are woven into a sturdy and breathable container for your plants.

The neutral color of the jute fibers complements the natural color of plants, making them stand out beautifully.

The jute fibers of the planter are absorbent, allowing for proper drainage and air circulation for the plant roots. This helps to prevent root rot and other soil-borne diseases, ensuring healthy plant growth.

Overall, an indoor jute planter is a charming and practical way to bring a touch of nature into your home, while also being kind to the planet.","Ein Indoor-Jute-Pflanzgefäß für Pflanzen ist eine dekorative und umweltfreundliche Möglichkeit, Grün in Ihrem Zuhause zu präsentieren. Das Pflanzgefäß besteht aus natürlichen Jutefasern, die zu einem robusten und atmungsaktiven Behälter für Ihre Pflanzen verwoben sind.

Die neutrale Farbe der Jutefasern ergänzt die natürliche Farbe der Pflanzen und lässt sie schön zur Geltung kommen.

Die Jutefasern des Pflanzgefäßes sind saugfähig und ermöglichen eine ordnungsgemäße Drainage und Luftzirkulation für die Pflanzenwurzeln. Dies trägt dazu bei, Wurzelfäule und andere bodenbürtige Krankheiten zu verhindern und ein gesundes Pflanzenwachstum zu gewährleisten.

Insgesamt ist ein Jute-Pflanzgefäß für den Innenbereich eine charmante und praktische Möglichkeit, einen Hauch von Natur in Ihr Zuhause zu bringen und gleichzeitig den Planeten zu schonen.","Ein Indoor-Jute-Pflanzgefäß für Pflanzen ist eine dekorative und umweltfreundliche Möglichkeit, Grün in Ihrem Zuhause zu präsentieren. Das Pflanzgefäß besteht aus natürlichen Jutefasern, die zu einem robusten und atmungsaktiven Behälter für Ihre Pflanzen verwoben sind.

Die neutrale Farbe der Jutefasern ergänzt die natürliche Farbe der Pflanzen und lässt sie schön zur Geltung kommen.

Die Jutefasern des Pflanzgefäßes sind saugfähig und ermöglichen eine ordnungsgemäße Drainage und Luftzirkulation für die Pflanzenwurzeln. Dies trägt dazu bei, Wurzelfäule und andere bodenbürtige Krankheiten zu verhindern und ein gesundes Pflanzenwachstum zu gewährleisten.

Insgesamt ist ein Jute-Pflanzgefäß für den Innenbereich eine charmante und praktische Möglichkeit, einen Hauch von Natur in Ihr Zuhause zu bringen und gleichzeitig den Planeten zu schonen.","Home Decor;Home Accents;Room Decor","","indoor-jute-planter","","","","","","false","true","EU","Embedded","2022-09-21T08:17:45.405Z","2023-03-24T12:05:43.459Z",1,"IJP-01","https://2eca75039cf911b9bbe5-79bfd3e36f011d786971804e873c4354.ssl.cf3.rackcdn.com/AdobeStock_419644892-XPIrt9H1.jpeg||5000x5000",100,"EUR 599;GBP 599","8 inches","8 inches","8 inches","Diameter","Diameter","Diameter","- Plant not included","- Plant not included","- Plant not included"
,,,,,,,,,,,,,,,,,,,,,,2,"IJP-02","https://2eca75039cf911b9bbe5-79bfd3e36f011d786971804e873c4354.ssl.cf3.rackcdn.com/AdobeStock_446433445-3tj2TkCU.jpeg||5000x5000",100,"EUR 399;GBP 399","6 in","6 in","6 in","Diameter","Diameter","Diameter","- Plant not included","- Plant not included","- Plant not included"
